angry,disgust,fear,happy,sad,surprise,neutral,yalan_orani
0.0023296107538044453,2.34450862990343e-06,0.03129654377698898,0.007412236649543047,0.9333232641220093,4.405350409797393e-06,0.025631621479988098,0.0
0.0003706988785886611,5.693003234961616e-06,0.02709786084617843,0.614173994758845,0.33577524593171526,0.00012377687360305356,0.022452621838137884,0.0
6.678781937807798e-05,5.765617743236362e-07,0.010658692568540573,0.8527544140815735,0.13139943778514862,4.0119935874827206e-05,0.00508004380390048,0.0
0.0001563689968386812,3.834550854027043e-06,0.04603087803905475,0.6184322606582797,0.3244450583723222,3.834041355064741e-05,0.010893243082955067,0.0
2.6556889241997316e-05,8.997631433123799e-08,0.013897448984092595,0.7766877679004947,0.19465849463242357,2.4562420349461205e-05,0.014705035013850329,0.0
9.50391186052002e-05,3.252815474752424e-07,0.03845779597759247,0.5019102096557617,0.4361583888530731,4.211588020552881e-05,0.023336108773946762,0.0
0.0001111782324061793,1.2867797834864177e-06,0.048673923234577365,0.4473581282709913,0.5000636279620903,1.5577691575253627e-05,0.0037763379436783757,0.0
0.00014597477274946868,1.8096116036758758e-06,0.06284447014331818,0.28752046823501587,0.6423090100288391,1.842441088228952e-05,0.00715985894203186,0.0
0.00015316678036469966,2.2166659618960693e-06,0.02191021665930748,0.424072802066803,0.53970867395401,3.427758201723918e-05,0.014118604362010956,0.0
9.25893965067541e-05,1.122852789728568e-06,0.02041869173459361,0.46883177571486084,0.4991985558985803,3.6208557842623165e-05,0.011421073908869856,0.0
3.132025813101791e-05,3.086180413447437e-07,0.01476995274424553,0.7339013814926147,0.24213281273841858,1.0734454917837866e-05,0.009153509512543678,0.0
0.0001282276352867484,2.954208184746676e-06,0.024232231080532074,0.6359763741493225,0.3258292078971863,5.051544576417655e-05,0.013780487701296806,0.0
0.00021090264304490916,4.4282827908101515e-06,0.033559247576088,0.3979691090620626,0.5541119510994016,3.849048785466473e-05,0.014105812827549835,0.0
6.078513979446143e-05,6.609664637835522e-07,0.033553335815668106,0.35701870918273926,0.6003111004829407,1.5796318621141836e-05,0.009039598517119884,0.0
3.429757271078415e-05,4.029434421681799e-07,0.007815279997885227,0.7888055443763733,0.18544717133045197,2.363887870160397e-05,0.017873650416731834,0.0
0.23731546028348569,0.002092568794194984,0.08983085094874209,2.2114842476474513e-06,0.6666229168547939,2.581786629161769e-06,0.0041334594269668715,1.0
0.2504841387271881,0.0034390592481940985,0.45722338557243347,4.892619472229853e-05,0.26727473735809326,2.6843677915167063e-05,0.021502899006009102,1.0
0.23642434179782867,0.004562030546367168,0.5179797410964966,6.56797710689716e-05,0.2299896478652954,2.348710950172972e-05,0.010955116711556911,1.0
0.21673718094825745,0.001292480737902224,0.1781257688999176,1.5311992683564313e-05,0.5812656879425049,1.4459795238508377e-05,0.022549115121364594,1.0
0.09500855207443237,0.00014723431377205998,0.6328913569450378,7.934556197142228e-05,0.23398971557617188,8.924154826672748e-06,0.03787490352988243,1.0
0.2106914520263672,0.0014781102072447538,0.47353556752204895,3.952770202886313e-05,0.29547664523124695,2.4882465368136764e-05,0.01875382289290428,1.0
0.07803194784737255,0.0005595892349934,0.16397265625325963,2.4481366191301613e-06,0.7500124275669542,2.857778895691085e-06,0.0074180169501284424,1.0
0.09321212768554688,0.00012282279203645885,0.35290172696113586,0.00014225496852304786,0.396607905626297,2.0074126950930804e-05,0.1569930762052536,1.0
0.2658067326776108,0.0016148593679983178,0.21689246989578367,3.50719086809975e-05,0.4898068320981464,2.6570284278368215e-05,0.025817378140404447,1.0
0.07731738402351046,0.00027420184230331137,0.2395322167594562,1.2565117525325644e-05,0.6550208720577282,7.741823999247733e-06,0.02783502245456114,1.0
0.24735064804553986,0.002200274495407939,0.16640356183052063,4.566182542475872e-05,0.5710347294807434,4.814844214706682e-05,0.012916959822177887,1.0
0.24377323687076569,0.0027504065074026585,0.1918622851371765,3.606999962357804e-05,0.5461580157279968,4.423546852194704e-05,0.015375716611742973,1.0
0.2895720303058624,0.002301980508491397,0.19333405792713165,7.10064050508663e-05,0.4921882152557373,0.00012765951396431774,0.022405020892620087,1.0
0.32273346185684204,0.0021038614213466644,0.160162091255188,8.003751281648874e-05,0.47646498680114746,0.00011790809367084876,0.038337625563144684,1.0
0.1845453530550003,0.0013678387040272355,0.1433781385421753,1.2589181096700486e-05,0.6476843357086182,3.7419442378450185e-05,0.02297431044280529,1.0
1.562835593418622e-05,6.855712335817899e-09,0.0010057740780605217,0.9648376640387173,0.03217837417335048,9.49083720658975e-06,0.0019531451398542773,0.0
8.879739140061093e-05,5.477581823508804e-07,0.0038126800320827923,0.8226017567394069,0.16493170977452876,1.9992499237144457e-05,0.008544516662416856,0.0
1.0080878999978292e-05,5.154355261000407e-08,0.0004038449070023856,0.9721207651948016,0.018830284094180572,1.677883101434878e-05,0.00861815167300085,0.0
0.00011927315063076094,1.0151942433367367e-06,0.004928058013319969,0.823728084564209,0.15776926279067993,3.995230144937523e-05,0.013414411805570126,0.0
0.00026769645046442747,3.6141200325801037e-06,0.007818127050995827,0.8089651465415955,0.14086809754371643,8.791270374786109e-05,0.04198942333459854,0.0
0.0019764615003890693,6.016504261695103e-05,0.02986263848022452,0.6812022734404966,0.24371229074670617,0.0005454658273698883,0.04264070720319195,0.0
0.0004776934802066535,2.3390140995616093e-05,0.021062837913632393,0.7437592148780823,0.2122243046760559,0.00014213795657269657,0.022310413420200348,0.0
5.779265464980146e-05,8.758053649187608e-07,0.002415616907737667,0.9292126851804664,0.05733878879778318,3.1533110874583106e-05,0.010942715872390025,0.0
5.175892874831334e-05,7.586159540551307e-07,0.0016929999692365527,0.9328798055648804,0.056013233959674835,1.7510628822492436e-05,0.009343929588794708,0.0
0.00010584738629404455,1.2848652204411337e-06,0.004625746514648199,0.8628621697425842,0.11530755460262299,3.313682464067824e-05,0.01706424355506897,0.0
8.084808359853923e-05,6.964078806959151e-07,0.004068430978804827,0.9289341568946838,0.05711003765463829,3.4273150959052145e-05,0.009771566838026047,0.0
0.0008992925868369639,2.3691227397648618e-05,0.011180281639099121,0.8219612836837769,0.13675063848495483,0.0002998422714881599,0.028884971514344215,0.0
2.1055922843515873e-05,1.114240291144597e-07,0.0011098242830485106,0.9733210206031799,0.02015475556254387,1.2102752407372463e-05,0.00538112036883831,0.0
2.084735503330692e-05,8.818129885357921e-08,0.000573057205554729,0.9770835069318405,0.018224687936939248,1.4858664192111215e-05,0.004082892069024793,0.0
7.2165195888374e-05,2.35039510698698e-06,0.0028864245396107435,0.9107767343521118,0.07223796844482422,3.677309723570943e-05,0.01398762222379446,0.0
0.062422804529834064,0.00024109994392413313,0.1910859162262628,1.0691329135322072e-06,0.7373933039542021,1.0323216589806473e-05,0.008845521664352516,1.0
0.046424202620983124,0.00018853225628845394,0.08559316396713257,1.6825053705815662e-07,0.8612330555915833,4.207339316053549e-06,0.006556665990501642,1.0
0.026917586103081703,0.00030960209551267326,0.07658284902572632,5.927572033215256e-07,0.8929982781410217,5.254040388535941e-06,0.0031858980655670166,1.0
0.021364382715298804,2.99607255083063e-05,0.031608860896961584,1.2802223531695704e-07,0.9440792865658656,1.2416079127978879e-06,0.0029161322179577093,1.0
0.009794599960422513,3.0954344791665734e-05,0.07651634225346698,1.8597341664913425e-07,0.9116794414329196,1.4496593803459082e-06,0.001977025881902926,1.0
0.02762829490770667,0.00021373561867892704,0.0548995952248332,1.994543458262706e-07,0.9146901318246204,2.6918561856414155e-06,0.0025653717240167687,1.0
0.008952569216489792,4.4354812416713685e-05,0.061850156635046005,5.0647798843783676e-08,0.928500771522522,8.867617680152762e-07,0.0006511760293506086,1.0
0.01321831890006774,9.710670416460286e-05,0.052885643564799044,4.515254217641723e-08,0.9332857688239674,6.601565412566006e-07,0.0005124570175979744,1.0
0.04662350192666054,2.803517782012932e-05,0.037264633923769,9.874780516838655e-06,0.8573392033576965,2.0838297132286243e-06,0.058732714504003525,1.0
0.016582302749156952,4.850957338931039e-05,0.07063330709934235,1.3289937328408996e-07,0.9114720225334167,2.2227536646823864e-06,0.001261535449884832,1.0
0.037587570404265545,8.594116446351123e-05,0.08254417524005028,6.219839663229696e-07,0.8738434239532604,7.034930114096987e-06,0.005931235272063927,1.0
0.03145962396023416,8.78792250289306e-05,0.07885883473508565,4.3526114020576103e-07,0.8854838541438492,6.670205436547425e-06,0.004102680611025132,1.0
0.022047879174351692,0.000247674819547683,0.08664971590042114,1.5480378579013632e-06,0.8854885101318359,7.847090273571666e-06,0.005556819029152393,1.0
0.0330892262213961,0.0001668257563624982,0.055069356713852685,5.0485421805763154e-06,0.9049233141495773,5.434600421869594e-06,0.006740806560415421,1.0
0.04368679225444794,0.00014084157010074705,0.039547327905893326,9.823098480410408e-06,0.8992609977722168,2.877044607885182e-06,0.01735140196979046,1.0
0.0002678885357454419,8.318755106984099e-08,0.011486553587019444,0.19613878428936005,0.7819427251815796,4.579736469167983e-06,0.010159343481063843,0.0
1.2403493201418314e-05,2.1138820471833242e-08,0.008245313540101051,0.470592200756073,0.5156199336051941,3.5218010907556163e-06,0.005526624154299498,0.0
1.9180928575224243e-05,9.508567444527216e-08,0.005493625532835722,0.8757445216178894,0.09142936021089554,2.9441605875035748e-05,0.02728378213942051,0.0
6.3233505898097064e-06,2.1104799685645048e-08,0.01007290743291378,0.7468055486679077,0.23582351207733154,1.2049345968989655e-05,0.007279615383595228,0.0
3.471590596304087e-06,3.690143966076471e-09,0.0006352997530802936,0.9404944145974169,0.053987785666452986,4.492211969046915e-06,0.004874532867195181,0.0
1.8710599761107005e-05,1.2654561487579485e-07,0.019401177763938904,0.372211754322052,0.6018340587615967,1.4503037164104171e-05,0.006519677117466927,0.0
8.916746082832105e-06,3.320126396033629e-08,0.005420561879873276,0.8255059123039246,0.16017064452171326,8.8104516180465e-06,0.00888511911034584,0.0
3.704986011143774e-05,1.7251502981707745e-07,0.01270997803658247,0.6330471038818359,0.34936290979385376,1.1513961908349302e-05,0.004831254482269287,0.0
0.00020702459290544307,5.018717986616506e-07,0.020934962369199082,0.24347911697377167,0.7245421677282056,2.159281469195176e-05,0.01081467828180531,0.0
9.232153033805628e-05,5.922364176745866e-07,0.023345799174404047,0.5238605170083662,0.42673488578020163,2.1676368161174585e-05,0.025944254659921485,0.0
0.00017920629080533492,2.960676158125584e-06,0.03701000219464276,0.47106787907268055,0.4655427973815444,6.55167090486374e-05,0.02613158026259181,0.0
0.00018859859846998006,1.2973328011867125e-06,0.03793692961335182,0.5056959986686707,0.41074907779693604,5.264798164716922e-05,0.04537544026970863,0.0
0.0005066768499091268,2.478220949342358e-06,0.043037280440330505,0.4309665858745575,0.4368863105773926,0.00011138920672237873,0.08848924934864044,0.0
0.0003791768103837967,1.5443987422258942e-06,0.04176248610019684,0.15908682346343994,0.773415207862854,4.10190004913602e-05,0.02531374618411064,0.0
0.0005668002995662391,2.4217506506829523e-06,0.032524239271879196,0.3167380094528198,0.561726987361908,7.193029159680009e-05,0.08836965262889862,0.0
0.010668999515473843,1.0956080132018542e-06,0.08019572496414185,5.702458292944357e-05,0.8521146178245544,1.547772114918189e-07,0.056962382048368454,1.0
0.00794532336294651,1.0220494459645124e-06,0.15442295372486115,0.0001491730654379353,0.7951884269714355,2.0507918918610812e-07,0.04229288175702095,1.0
0.009037511277197447,1.3929102964798053e-06,0.13767653552573494,0.0001784559213860352,0.8194037891145004,2.0895618387084604e-07,0.03370202676033655,1.0
0.01583694852888584,2.5472641027590726e-06,0.13258032500743866,0.00028297663084231317,0.7741302251815796,4.087287663878669e-07,0.0771666094660759,1.0
0.00765875309675895,2.768258934482915e-06,0.14225566181472996,5.804899809973151e-05,0.8287783469225947,3.559845966632447e-07,0.021246015355465966,1.0
0.006313790567219257,1.2803781146430993e-06,0.12962256371974945,9.107868390856311e-05,0.8344439268112183,3.11031641331283e-07,0.02952706627547741,1.0
0.01253331061651174,6.0091960165834015e-06,0.10408713543934438,0.00030136928012374224,0.8228804959583579,6.198898546473187e-07,0.060191072385971094,1.0
0.018169521505804153,2.2563209748752808e-05,0.10406350964686333,0.00015561446543720157,0.8453724292142647,8.229260892506174e-07,0.03221556363794587,1.0
0.010558132686241546,7.625184026030074e-06,0.11463508133470043,0.00012466267768123862,0.8477487745584519,6.371775875630731e-07,0.02692506886421813,1.0
0.013993471124056444,1.834748363322308e-05,0.11490586520363508,6.801898333343689e-05,0.8516996679664054,6.911422787294206e-07,0.019313888184560753,1.0
0.020432914893800905,1.7428587982249105e-05,0.12795902061218148,0.00015017856807580997,0.8001263618544556,1.3156709075918194e-06,0.05131281845646015,1.0
0.01491760284690823,1.9444239525368753e-05,0.07099829512854873,0.00016045232311552636,0.8803942942149289,1.1350343595302333e-06,0.033508717744503286,1.0
0.012702405452728271,1.436381626263028e-05,0.10425035655498505,0.00038285672781057656,0.8384692072868347,1.3994962273500278e-06,0.044179435819387436,1.0
0.017291922320952693,1.4597224356555118e-05,0.08023236158279914,0.00026913639455983273,0.8502060592420172,1.0420160484310395e-06,0.05198494219600465,1.0
0.018522759899497032,2.318468614248559e-05,0.09632428735494614,0.0001398315653204918,0.8419442772865295,6.247490205169015e-07,0.04304508492350578,1.0
0.0008288273150519916,4.596869804354773e-06,0.008295272971407948,0.7736399634861924,0.1770652936139878,8.758174020818563e-05,0.040078541790160044,0.0
0.0009396967943757772,1.0802313227031846e-05,0.013157346285879612,0.8146363496780396,0.14733882248401642,0.00020957905508112162,0.02370743826031685,0.0
5.2412497097975574e-06,1.3392775777276711e-08,0.0003901352465618402,0.9851943850517273,0.009624842554330826,4.397859811433591e-06,0.00478097191080451,0.0
2.865558235498611e-05,5.733767594051642e-08,0.000513714796397835,0.9649361968040466,0.020590079948306084,1.0812540494953282e-05,0.01392059214413166,0.0
1.798626881737052e-07,4.734796712041549e-11,5.577074961367207e-06,0.9983147384745195,0.0002624861059261285,1.744749274678018e-07,0.0014168123655468386,0.0
0.00010178426479845583,3.597190457863211e-07,0.005497199810874451,0.9128235526575775,0.05283257680133443,4.311917912296715e-05,0.028701415133560605,0.0
4.0242237446364015e-05,4.121598351503053e-08,0.00013517390470951796,0.9899953603744507,0.0028481034096330404,3.283189698777278e-06,0.006977799814194441,0.0
1.0758221833384596e-05,2.1403900873906423e-08,0.000214334562770091,0.9859640598297119,0.004340486600995064,8.587423508288339e-06,0.009461801499128342,0.0
0.00016280515410471708,7.691946848353837e-07,0.005653838161379099,0.9033877849578857,0.0767553448677063,6.352980562951416e-05,0.013975933194160461,0.0
6.918094641150674e-06,1.301709851020405e-08,0.0001366013166261837,0.987286388874054,0.004264692310243845,5.444573162094457e-06,0.00829994771629572,0.0
2.7365380071237357e-05,7.183506202460671e-08,0.0009660770289207434,0.970814582206557,0.02024769279333267,1.2055456482023866e-05,0.007932199179494283,0.0
3.327825470478274e-05,1.0734185451610756e-07,0.001817667973227799,0.9476343393325806,0.03185107186436653,1.8212997019873e-05,0.01864532381296158,0.0
0.000683587568346411,8.952491043601185e-06,0.01578695699572563,0.8055944442749023,0.12377018481492996,0.00023164380399975926,0.053924255073070526,0.0
1.582727453479722e-07,1.203805643232466e-09,0.00012161985063444906,0.9955152863878354,0.0012477850864794954,6.742894478342956e-07,0.003114529558140583,0.0
0.00010112155723618343,6.887497647767304e-07,0.005388736724853516,0.9101015329360962,0.06313377618789673,5.0054841267410666e-05,0.021224066615104675,0.0
0.02826455608010292,3.1046797630551737e-06,0.1918705552816391,0.00030613449052907526,0.6329848170280457,1.0647733006408089e-06,0.14656975865364075,1.0
0.03974960981307088,3.9890989332248746e-05,0.29398434126283773,0.0002596700951632914,0.5614812708783907,6.664915360299249e-06,0.104478551714334,1.0
0.02031533047556877,5.860525561729446e-06,0.41063621640205383,0.0016589288134127855,0.4016174376010895,7.978459507285152e-06,0.16575823724269867,1.0
3.640276746708082e-09,6.507323820615363e-30,0.0005428664735518396,2.967088221339509e-06,0.9994542002677917,8.447416701924183e-16,2.3793147452266794e-09,1.0
0.03035386460148481,1.7204444818626594e-05,0.19247014477671054,0.0006411321028437973,0.6147157916257258,9.292465264471505e-06,0.1617925859566084,1.0
0.025676991126178637,1.7740281760101617e-06,0.09906214911486495,0.00032766205090167236,0.6711507643640953,3.3123664563013296e-07,0.2037803475594935,1.0
0.01919507908493752,1.8557528816187376e-06,0.08532076092486149,0.0011360838056629185,0.5850535383852445,2.069420939389211e-06,0.3092906063372258,1.0
0.032105494290590286,5.447955118143e-06,0.11116946488618851,0.00032534278579987586,0.7414007782936096,3.615693913161522e-07,0.11499307304620743,1.0
0.022582327117642506,5.161790635096421e-06,0.18487703086411586,0.0006706350032787021,0.5785573627284333,3.089114529851559e-06,0.21330436011500833,1.0
0.016238383875681894,2.8724679154946763e-06,0.18589297701204097,0.0010282936211474393,0.5783763434438296,2.0384390907726914e-06,0.21845905858766332,1.0
0.021072475239634514,2.024863351834938e-05,0.26686644554138184,0.0007332625682465732,0.6222890615463257,1.2455244359443896e-05,0.08900603652000427,1.0
0.017486903816461563,5.220209004619392e-06,0.16368941962718964,0.0006756831426173449,0.6823136806488037,1.2175606570963282e-05,0.13581697642803192,1.0
0.021961979568004608,1.5059658835525624e-05,0.11626069992780685,0.002152826404199004,0.5965176224708557,5.145883551449515e-05,0.2630403935909271,1.0
0.024339640513062477,1.2640844033739995e-05,0.11644956469535828,0.0031210591550916433,0.502207338809967,4.9099067837232724e-05,0.3538205921649933,1.0
0.015423420816659927,2.0328416212578304e-05,0.19037562608718872,0.0015068220673128963,0.6171693205833435,3.01392992696492e-05,0.17547431588172913,1.0
0.001887247315607965,2.262070438519004e-06,0.007614911533892155,0.40546950697898865,0.4988192915916443,2.6826590328710154e-05,0.08618001639842987,0.0
0.00013506643881555647,5.108174150336708e-07,0.0038805590011179447,0.8377401828765869,0.14461451768875122,3.2393847504863515e-05,0.013596807606518269,0.0
0.00021903394372202456,4.765455230426596e-07,0.00782010331749916,0.8173571228981018,0.08514292538166046,8.388653077417985e-05,0.08937647938728333,0.0
0.0007826363435015082,2.6206760139757534e-06,0.03507716581225395,0.6751546263694763,0.1810489147901535,0.00028666318394243717,0.1076473817229271,0.0
0.0002680587349459529,9.434230605620542e-07,0.005030347965657711,0.8363553285598755,0.09719658643007278,5.174144098418765e-05,0.06109701469540596,0.0
4.588432057062164e-05,2.630008850701415e-07,0.004245819989591837,0.9425066709518433,0.031238360330462456,4.941855513607152e-05,0.021913571283221245,0.0
0.0013776164269074798,2.6059213269036263e-05,0.021213972941040993,0.5529841184616089,0.3331940472126007,0.0002723161596804857,0.09093186259269714,0.0
0.00025891563652139226,9.758227306079049e-07,0.019695597943401214,0.7175962756631539,0.17182972561298165,0.00011440154002904757,0.09050413015509427,0.0
0.00013947935907792207,1.3313399106215841e-06,0.007079364688209575,0.8456833866645924,0.10735825344075282,5.184735655154178e-05,0.039686395358228405,0.0
5.855679380616137e-05,3.7954821413963467e-07,0.0027799707426095894,0.9382226989534734,0.02752591438900404,3.369426159804266e-05,0.03137883918033113,0.0
4.7989255108404905e-05,1.7114770400894486e-07,0.002438605995848775,0.9396388530731201,0.0267101489007473,2.6532987249083817e-05,0.031137727200984955,0.0
0.0015254481041269774,6.01229904710266e-06,0.03692256591647078,0.3629943891770376,0.4679136910541426,0.0001705624250862837,0.13046723539027746,0.0
0.0010137842036783695,1.0765039405669086e-05,0.013304322957992554,0.42125144600868225,0.4882892966270447,8.819123468128964e-05,0.07604215294122696,0.0
0.0005602943462867646,3.239824502384307e-06,0.030112240395679498,0.46123957402942023,0.4265097931927319,9.600120237476841e-05,0.08147883155815788,0.0
0.00044987726599509824,3.929793806413787e-06,0.00980164086948146,0.7925116071091166,0.11524578300168717,0.0001348854696700907,0.08185222514245209,0.0
0.06631837785243988,8.452872862108052e-05,0.1524389386177063,0.00016760663129389286,0.6582414507865906,5.8579403230396565e-06,0.12274326384067535,1.0
0.05660457128909655,5.309013384186529e-05,0.25037924947614965,0.00043434666846709955,0.5654472449688461,7.020248140251153e-06,0.12707450253215447,1.0
0.07112436420466686,0.00014545671868531964,0.18881253533438058,0.00029496632062629284,0.6695915263647751,8.946474359905682e-06,0.07002225190533709,1.0
0.041854191571474075,1.8955337509396486e-05,0.19821196794509888,0.0011017312062904239,0.5151858925819397,9.723985385790002e-06,0.24361756443977356,1.0
0.036107759922742844,2.6839656129595824e-05,0.17982137203216553,0.0002122192527167499,0.7170578837394714,1.1012257346010301e-06,0.06677279621362686,1.0
0.028182335197925568,2.0792640498257242e-05,0.27737170457839966,0.000788401230238378,0.5528231263160706,1.266945582756307e-05,0.14080101251602173,1.0
0.09375946968793869,8.831452578306198e-05,0.19738979637622833,0.0009227499831467867,0.5154049396514893,1.2303456060180906e-05,0.19242241978645325,1.0
0.034003548324108124,2.5121222279267386e-05,0.2789975702762604,0.00036439497489482164,0.5864760875701904,4.0909503695729654e-06,0.10012920945882797,1.0
0.019931122660636902,9.467094969295431e-06,0.19189637899398804,0.0007650416810065508,0.46770259737968445,3.625681529229041e-06,0.31969180703163147,1.0
0.029888583347201347,2.2618962702836143e-06,0.09872224181890488,0.0003597288450691849,0.6266019344329834,2.399335130576219e-07,0.2444249838590622,1.0
0.046760926036724326,1.468265970790019e-05,0.14849580544283325,0.0005181441630027696,0.542827422281811,1.6992263702186403e-06,0.2613812969468478,1.0
0.020193879879250542,2.0955135144839482e-06,0.08380447819179557,0.000844649113141851,0.4911635528607901,2.599427179382365e-06,0.40398870062962766,1.0
0.0594346858561039,4.211067789583467e-05,0.09845259040594101,0.0007420892361551523,0.6906747221946716,1.708137347122829e-06,0.15065205097198486,1.0
0.03412266041366334,1.6814485021397393e-05,0.17896632206841445,0.0012161993368775444,0.6382068826905629,2.176085640509066e-06,0.14746887714041745,1.0
0.03223152458667755,8.341333341377322e-06,0.09579778462648392,0.00043697856017388403,0.711059033870697,5.597854624284082e-07,0.1604657918214798,1.0
0.00019186171994078904,7.709433589297987e-07,0.0044852364808321,0.9122845530509949,0.06542427837848663,0.00011882805119967088,0.0174944419413805,0.0
0.0006861355913921054,1.7628344635605747e-06,0.08497158199379337,0.7550980898796373,0.10810661960283635,0.0005082415603356994,0.050627584792827654,0.0
0.001071796001489222,1.2462759347508287e-05,0.05790332304855126,0.5207233143283913,0.38454171327005104,0.0003410902194024753,0.03540631594695544,0.0
0.00043174572056159377,9.682166819402482e-07,0.022371359169483185,0.7809522747993469,0.1066092923283577,0.00025421808823011816,0.0893801674246788,0.0
0.0008070581243373454,4.228660600347212e-06,0.06743629276752472,0.7500306367874146,0.11903529614210129,0.0005217208527028561,0.062164828181266785,0.0
0.0012651279103010893,8.726432497496717e-06,0.06063704937696457,0.5537437200546265,0.33760011196136475,0.00034264184068888426,0.04640255868434906,0.0
0.0001666417228989303,6.144594522083935e-07,0.022693106904625893,0.8619195818901062,0.08050892502069473,0.00013739823771174997,0.03457373380661011,0.0
0.003546572756022215,7.590307177451905e-06,0.08725637197494507,0.42718926072120667,0.2879020869731903,0.0008184838225133717,0.19327963888645172,0.0
0.00492651143056018,1.45099066668604e-05,0.2485547812515758,0.1435198761797099,0.4559738390476895,0.0011337569261706559,0.14587667335549911,0.0
0.0002638107375076279,8.924015519652528e-07,0.14242534131701692,0.6528109725939067,0.18233285160865167,0.0002532061469644431,0.021912879492297234,0.0
0.008684924803674221,3.218795973225497e-05,0.3233034014701843,0.1014864519238472,0.48879459500312805,0.0013381633907556534,0.07636026293039322,0.0
7.638960960321128e-05,4.7387155177602835e-07,0.043812766671180725,0.847870945930481,0.09239286184310913,0.000248306809226051,0.015598233789205551,0.0
0.004520963411778212,8.435162271780428e-06,0.1814819723367691,0.30335408449172974,0.3106645345687866,0.0009500280139036477,0.19901996850967407,0.0
0.00264370976947248,2.0616778783733025e-05,0.12588384747505188,0.4514259397983551,0.3471229076385498,0.000589724921155721,0.07231327146291733,0.0
0.0024119328282435435,8.763911477537207e-06,0.12559259686425905,0.5420885409169519,0.20183105479663938,0.0014140779064046088,0.12665309766847477,0.0
0.011807400505685836,9.374918467433106e-07,0.03390462153581509,3.161466708834162e-05,0.9091399257862524,1.06395943735392e-07,0.04511544004770756,1.0
0.03062020055949688,1.9763805539696477e-05,0.08130107074975967,2.653660521900747e-05,0.8535493016242981,7.587968298139458e-07,0.03448241576552391,1.0
0.020273681730031967,1.839449214458e-05,0.08385069668292999,3.051824023714289e-05,0.8695638179779053,9.210885991706164e-07,0.026262015104293823,1.0
0.03636561334133148,2.1098698198329657e-05,0.0883941799402237,8.95496577868471e-06,0.8392744064331055,7.218820314847108e-07,0.03593504801392555,1.0
0.015455052256584167,6.124492301751161e-06,0.09427895396947861,0.0001989382435567677,0.8379772305488586,6.30474346507981e-07,0.05208311602473259,1.0
0.017447517967520004,2.376463215580055e-06,0.1082563047699565,0.00021145733288345988,0.7702970182541587,1.0521523446116478e-06,0.10378421350905734,1.0
0.01314351692906123,3.5087082141641998e-06,0.15523497195452285,0.00041362683542269977,0.7793937790032492,9.144426916726991e-07,0.05180967535434219,1.0
0.014228924177587032,3.5833277252095286e-06,0.12317588180303574,0.0011408564168959856,0.6864169239997864,4.759476723847911e-06,0.17502902448177338,1.0
0.011452282778918743,1.9926596905861516e-06,0.18300355970859528,0.0009998207679018378,0.6029993891716003,4.85000873595709e-06,0.2015381157398224,1.0
0.014169013972223638,3.186578359268969e-06,0.20401562476251273,0.0008388339110513872,0.5885445230331733,6.337086611263029e-06,0.19242252066269638,1.0
0.01416769903153181,7.091638053680072e-06,0.20332130789756775,0.0007554642506875098,0.6595221161842346,7.347519385803025e-06,0.12221899628639221,1.0
0.01704549975693226,9.41302550927503e-06,0.12653742730617523,0.00028952190768904984,0.7865197062492371,2.027050186370616e-06,0.06959640234708786,1.0
0.012149265760139569,2.1164038468674722e-06,0.1162139321097095,0.0005033340139439115,0.7211484742849156,1.3748212632893104e-06,0.14998149275669412,1.0
0.010951954592880881,1.6903490957508604e-06,0.11934641714968784,0.00035292992027244986,0.7750269636527873,1.067538796598658e-06,0.0943189245056465,1.0
0.00955900979393779,3.0545945266439113e-06,0.22650784114049918,0.0005223794453146723,0.6585066711012524,5.66123241789185e-06,0.10489535211893035,1.0
0.009362297132611275,1.273166071769083e-05,0.3160135746002197,0.0375826396048069,0.5454302430152893,0.0006543140043504536,0.09094418585300446,0.0
0.003640236549987587,9.796013402584807e-06,0.4923070366565607,0.024768523485572548,0.42223879231445743,0.0006065070408549631,0.05642915108377642,0.0
0.006232298910617828,6.65241022943519e-05,0.2120586782693863,0.13461460173130035,0.530599057674408,0.0008995929965749383,0.11552923917770386,0.0
0.0007135746843822112,6.989362153085347e-06,0.11082418178464065,0.13796321379919135,0.7134331890006774,0.00014716802401817732,0.036911746824487855,0.0
0.002544496674090624,8.147299922711682e-06,0.3760589063167572,0.07877372205257416,0.47781482338905334,0.0006834451342001557,0.0641164481639862,0.0
0.0025103596604084764,1.8721405674046804e-05,0.2636062063936118,0.09949874725930377,0.5550378295801777,0.0003549275491064071,0.0789732011540652,0.0
0.007393950130790472,5.4794680181657895e-05,0.24351277947425842,0.0031632138416171074,0.7125470638275146,9.995639265980572e-05,0.033228274434804916,0.0
0.004189056378043458,4.2681634653824604e-05,0.17405051577693414,0.0483760667891582,0.7327041307335055,0.0002970102713604595,0.040340558778114176,0.0
0.004980526695729893,2.4116184777520437e-05,0.2866545490416616,0.022058175328861198,0.6337399860465518,0.00031865197969016307,0.05222396863841824,0.0
0.00418263065127961,5.7029112690616e-05,0.12236867876426234,0.04193113989458801,0.7938032992120624,0.00018655311537087076,0.037470652911585224,0.0
0.003647145116701722,1.8343502233619802e-05,0.38416996598243713,0.017955398187041283,0.5620589852333069,0.00033452146453782916,0.03181563317775726,0.0
0.00174027553293854,2.0070192476850934e-05,0.07866698503494263,0.12184958159923553,0.7550590634346008,0.000156788359163329,0.042507294565439224,0.0
0.0018879100680351257,3.769744580495171e-05,0.07719218730926514,0.2075771987438202,0.6800422072410583,0.0002464029239490628,0.033016420900821686,0.0
0.007657934929974683,0.00017160805283036943,0.12086530824121139,0.1011370523408589,0.723209354494887,0.0004446439031377252,0.046514103232133,0.0
0.0008892714343158265,5.0321476281049635e-06,0.09402652645269194,0.04749235793902623,0.8334330221076621,5.2347196679534935e-05,0.02410144502529174,0.0
0.0036365508567541838,6.613767595808895e-07,0.053723935037851334,0.00021671464492101222,0.8902590870857239,1.4714719327457715e-06,0.052161604166030884,1.0
0.006947079776575592,3.6667074886257215e-06,0.09162377218916747,0.0022109744297296487,0.6718132291062797,9.466140690396066e-06,0.227391797019029,1.0
0.01064769148961851,4.727728728390893e-05,0.15840015759469017,0.0003400878834218015,0.7849035134854028,1.3358617139120118e-05,0.04564791444825616,1.0
0.008495396853042025,3.1034392970705125e-05,0.1662975351455766,9.543339500974439e-06,0.8138440473265591,2.038087343738712e-06,0.01132036331202229,1.0
0.011137784458696842,2.3853770471760072e-05,0.18120445311069489,0.00011694883141899481,0.772250771522522,9.178354957839474e-06,0.0352570079267025,1.0
0.011172163966129063,1.3686572762674797e-05,0.1692991059600774,9.317215709063974e-05,0.783684956054983,5.673919869737813e-06,0.03573128421493079,1.0
0.013241467855362168,3.698983930386576e-05,0.17723583741401658,2.9314662170841712e-05,0.7906947607216097,6.2434459406817705e-06,0.018755401671254734,1.0
0.009509137831628323,8.453454029222485e-06,0.16380538046360016,0.00025886480580084026,0.7538822889328003,7.770800948492251e-06,0.07252813875675201,1.0
0.012165618129074574,7.75827265897533e-06,0.11894866824150085,0.00036888010799884796,0.7206945419311523,6.037068942532642e-06,0.1478085219860077,1.0
0.021703460616079605,6.828466982833936e-05,0.14642547943743942,5.002960031446481e-05,0.7952254888549739,8.450172166513297e-06,0.03651883298270899,1.0
0.012650902205759419,2.4358795686910555e-06,0.14540357264301615,8.617659263806598e-05,0.7673218707634133,8.834326380534926e-06,0.07452625480450718,1.0
0.013227558551881227,3.571593637450824e-06,0.11514325381179176,0.0001681795647726321,0.7714059216622067,4.523757794658187e-06,0.10004702061694984,1.0
0.01624636821427156,1.1235871840066553e-05,0.1321118552751455,2.1027877099261744e-05,0.8239079012815894,3.739909966587893e-06,0.027697887059920254,1.0
0.003956986125558615,7.616960715495225e-07,0.12359672039747238,2.2513651856570505e-05,0.8564625382423401,8.15646728824504e-07,0.015959614887833595,1.0
0.013944970443844795,5.76742513658246e-06,0.15459227561950684,2.4778446459094994e-05,0.8014096617698669,4.775352863362059e-06,0.030017828568816185,1.0
0.0002377868084593569,4.243685856428426e-07,0.07887295438373633,0.2452452039426322,0.6737742812902592,1.650416182816707e-05,0.0018527872281551686,0.0
0.003078648072698598,8.955175678135122e-05,0.42108475691585284,0.013185034360589645,0.5574911569053624,7.819784980235843e-05,0.004992661363939128,0.0
0.0020589372143149376,5.650123785017058e-05,0.2448858767747879,0.5731476545333862,0.1312263160943985,0.0010931866709142923,0.04753151908516884,0.0
0.009778580628335476,9.627141116652638e-05,0.8499051332473755,0.026249157264828682,0.09779328107833862,0.0006237730849534273,0.015553770586848259,0.0
0.002335008838624289,1.4525173311923717e-05,0.7071221296264011,0.01337063485357969,0.26898859554461213,0.00018673744874652168,0.007982371850751154,0.0
0.0011789931450039148,1.2018706001981627e-05,0.7625495791435242,0.048407070338726044,0.18155139684677124,0.00028469093376770616,0.006016239989548922,0.0
0.0016454673605039716,6.247305282158777e-05,0.550864577293396,0.17479556798934937,0.25711894035339355,0.00019395990238990635,0.015319072641432285,0.0
0.0011959427502006292,6.232356827240437e-05,0.7166247367858887,0.0237407423555851,0.23897892236709595,6.125185609562322e-05,0.01933603733778,0.0
0.00011152598017361015,8.302866945086862e-07,0.7546723484992981,0.007677884306758642,0.23643656075000763,8.375865036214236e-06,0.0010924802627414465,0.0
0.003918949980288744,0.00013265338202472776,0.571064293384552,0.0008508626488037407,0.4175609052181244,3.12866031890735e-05,0.006441034376621246,0.0
0.0030457519460469484,0.00013631195179186761,0.535712718963623,0.009400229901075363,0.443352073431015,9.361448610434309e-05,0.008259223774075508,0.0
0.004845148418098688,0.00016149887233041227,0.5375485420227051,0.001598405302502215,0.4470963478088379,4.9211554141948e-05,0.00870081502944231,0.0
0.0041696375858567706,0.00017094698996805341,0.3029316546280178,0.00965078884516888,0.6702090901261026,0.00010216193067688827,0.012765705415052498,0.0
0.012078400192749477,0.0005495770528485414,0.685091473449293,0.00014272512388991578,0.2974080386867477,0.00027491827128498,0.004454825473746601,0.0
0.008617358282208443,0.00012194408191135153,0.4616855978965759,0.002189235994592309,0.5155447125434875,0.00010070556891150773,0.011740433983504772,0.0
0.00271070864982903,9.03743568869686e-07,0.1545284241437912,7.872184141888283e-06,0.8342758417129517,1.407716013090976e-06,0.008474833332002163,1.0
0.010315464809536934,1.279044954571873e-05,0.14513348042964935,3.951017333747586e-06,0.8336611986160278,1.9232707018090878e-06,0.010871211998164654,1.0
0.004992071836714258,3.2950324256883007e-06,0.053054950568375024,7.466585874981476e-06,0.9363219700051527,1.071239076013375e-06,0.005619161631563999,1.0
0.006443007383495569,5.782398602605099e-06,0.11803089082241058,8.608948519395199e-06,0.8664385676383972,1.7059940091712633e-06,0.009071417152881622,1.0
0.004375907126814127,2.287865299877012e-06,0.07212290167808533,7.1262606979871634e-06,0.9163604974746704,7.670224135836179e-07,0.0071305469609797,1.0
0.006113131996244192,4.1696025618875865e-06,0.0890963077545166,1.0423178537166677e-05,0.8942355513572693,9.678575452198857e-07,0.010539479553699493,1.0
0.005643207916212554,2.1222193837109168e-06,0.056991148411700034,5.827174283594735e-06,0.9308794695663135,4.2822346978396424e-07,0.006477859722993358,1.0
0.0002654977168270459,6.959691986375957e-10,0.04174138730661718,0.0017769201448613577,0.624803975201127,4.4580559318331386e-07,0.3314118482365427,1.0
0.0015849892515689135,2.5024174732379834e-08,0.014313394203782082,0.0006748968153260648,0.28527963161468506,7.79969741415698e-06,0.6981393098831177,1.0
0.000725132559596591,2.65838541686274e-10,0.006145127316400133,0.00024772380086719384,0.3947832113762842,3.760560907354157e-07,0.598098385560705,1.0
0.0009562059422023594,4.949964438338839e-09,0.018385374918580055,0.0004394266288727522,0.6579877734184265,2.3585073449794436e-06,0.3222288191318512,1.0
0.0002502275463464911,3.389810503382641e-10,0.026158101249706897,0.0019224339593868205,0.5914391984271048,9.974859319686185e-07,0.3802290714060153,1.0
0.0017220124136656523,6.223567083907255e-08,0.045639459043741226,0.0007850328111089766,0.7280721664428711,3.12605925500975e-06,0.2237781584262848,1.0
0.0014040485257282853,1.6253506984753585e-08,0.020882323384284973,0.0004698724369518459,0.6500787138938904,2.4351679712708574e-06,0.32716256380081177,1.0
0.0011673272820189595,1.1275844258307188e-08,0.021417787298560143,0.000515144260134548,0.6695376038551331,1.7907690335050575e-06,0.30736038088798523,1.0
0.00034330468042753637,1.1307747627142817e-06,0.00428461330011487,0.8284295201301575,0.15161913633346558,0.00013994441542308778,0.015182293951511383,0.0
0.005213110397828865,3.467926994333654e-05,0.14670013149978298,0.304656392890977,0.5080488333760301,0.0004441794246481418,0.03490269972714183,0.0
0.004750278312712908,7.703046867391095e-05,0.12576083838939667,0.10136953741312027,0.7258184552192688,0.0002654052514117211,0.04195849969983101,0.0
0.0011778328334912658,5.7393349379708525e-06,0.07533340156078339,0.27023231983184814,0.6376839280128479,0.00013741628208663315,0.015429375693202019,0.0
0.0009489867936215874,4.990665117537199e-06,0.05863226182057033,0.6692067783598172,0.2568838451435474,0.00014823866669300446,0.014174926939602312,0.0
0.0006246817437742199,6.871063715427255e-06,0.06006283298509318,0.549332770665453,0.3735997005462468,0.0001092027443125617,0.016263903156751584,0.0
0.008478390984237194,9.78981115622446e-05,0.18127484619617462,0.016562538221478462,0.7502409815788269,0.00037497596349567175,0.04297034442424774,0.0
0.00465799355879426,8.500751573592424e-05,0.08077219873666763,0.35877248644828796,0.5229764580726624,0.00034386685001663864,0.032391976565122604,0.0
0.006329914089292288,0.00013910817506257445,0.11249391734600067,0.16186188161373138,0.6814596056938171,0.0004885597736574709,0.03722701221704483,0.0
0.0005663147894665599,1.033755142998416e-05,0.023816507309675217,0.38063281774520874,0.580997109413147,0.00014399123028852046,0.013832944445312023,0.0
0.0031002254210546866,6.291933470809593e-05,0.03764715642614105,0.3774049507024855,0.5405587280129628,0.00032123779697270966,0.04090482240347995,0.0
0.013465390540659428,9.993185085477307e-05,0.18845118582248688,0.13367831707000732,0.6107022762298584,0.00024348252918571234,0.05335943028330803,0.0
0.0010000072084371573,1.8510210077770467e-05,0.030815541718336448,0.19870240680589718,0.7185756992444813,0.00010916844544632407,0.05077864532343419,0.0
0.009869132190942764,5.036068978370167e-05,0.350519597530365,0.03999001532793045,0.5531424880027771,0.0004775571287609637,0.04595090076327324,0.0
0.0066914730705320835,6.201108772074804e-05,0.2505715787410736,0.016529908403754234,0.6971336007118225,0.0004309075593482703,0.028580527752637863,0.0
0.01044531197939062,5.294364831518566e-06,0.08799227630999998,5.637213452137841e-06,0.8921717276777896,8.375831019145084e-07,0.009378935397140431,1.0
0.004521754839822939,1.436243991634625e-06,0.06568491105347342,5.713569748372272e-06,0.9249684765916154,4.108900629290394e-07,0.004817284930782612,1.0
0.0051855179481208324,1.7819537561081233e-06,0.07882322371006012,7.202110282378271e-06,0.911711573600769,5.918272449889628e-07,0.004270050674676895,1.0
0.007063437208589149,4.7342548989619256e-06,0.09650688448589351,1.0916270835340334e-05,0.8888508015186072,1.0452855062829538e-06,0.007562136262633578,1.0
0.006341940170046101,1.8470290079193483e-06,0.0688144978174268,3.953811537136965e-06,0.9184796165513763,3.86283852836185e-07,0.006357767066822473,1.0
0.009014342911541462,3.4704914924077457e-06,0.0706428736448288,9.13010080694221e-06,0.9087461829185486,8.360917718164274e-07,0.011583142913877964,1.0
0.008153788704718506,1.0887472238170848e-06,0.029210083429803437,5.279220029517157e-06,0.9429739781649138,8.959424844233823e-08,0.019655664902250184,1.0
0.0063586597395634496,1.6600142624071802e-06,0.07639129915185566,2.7409704940803224e-06,0.912944073256497,3.417834112943798e-07,0.004301161295989829,1.0
0.017672162503004074,2.174659130105283e-05,0.09626679867506027,1.4188181921781506e-05,0.8738565444946289,3.836056748696137e-06,0.012164752930402756,1.0
0.01970321802516091,4.686821564205764e-06,0.05019731001241863,2.3165862801941315e-05,0.8591343676527957,4.2439065993027385e-07,0.07093688523393185,1.0
0.015301746316254139,2.4719929569982924e-05,0.12023095786571503,5.871615485375514e-06,0.8536070585250854,2.0371899154270068e-06,0.010827641002833843,1.0
0.017538191522575436,3.717995707734068e-05,0.14885422303030216,8.10361592615923e-06,0.8253770082739582,2.270922279736328e-06,0.00818295679295578,1.0
0.013254084624350071,1.711840377538465e-05,0.09138975292444229,1.5618668840033934e-05,0.8783295154571533,2.017132146647782e-06,0.016991864889860153,1.0
0.010382408276200294,8.453260306851007e-06,0.08690503239631653,5.71811142435763e-05,0.8699660897254944,2.6018597054644488e-06,0.03267817944288254,1.0
0.010519521937937853,1.0520484183389682e-05,0.0553849819532026,4.324869117621913e-05,0.9139435836043109,1.8941500449136742e-06,0.02009624735094591,1.0
0.0008932247292250395,7.60069269745145e-06,0.07619449496269226,0.585014820098877,0.28471601009368896,0.00017022487008944154,0.053003646433353424,0.0
8.443603292107582e-05,2.3145619820752472e-07,0.013410192914307117,0.9085866212844849,0.05211604759097099,0.0001422509812982753,0.025660265237092972,0.0
8.000727029262313e-07,5.199672114159249e-09,0.0006898437106516189,0.9861037722887858,0.008473209610474682,6.1719232730712645e-06,0.004726182485442309,0.0
6.933007435943045e-05,6.158328863253264e-07,0.009806590848375459,0.9173836806555176,0.05074576056054109,3.934224773123142e-05,0.021954599013376354,0.0
1.0409709830128122e-05,1.342553801464419e-08,0.03632785379886627,0.9240368604660034,0.03553139045834541,3.792163624893874e-05,0.00405558617785573,0.0
6.271126767387614e-05,1.28616375150159e-06,0.0038907721173018217,0.8225352168083191,0.15288172662258148,1.9404638806008734e-05,0.02060888707637787,0.0
6.966385990381241e-05,2.0469351511565037e-06,0.011649752035737038,0.6284142136573792,0.3450806736946106,2.7017418688046746e-05,0.014756652526557446,0.0
0.00017574634694028646,1.3546754416893236e-05,0.013454754836857319,0.8510851263999939,0.12204721570014954,4.486703619477339e-05,0.013178765773773193,0.0
0.0003802022483040987,3.65897448300034e-06,0.16154722342176575,0.030586438213970554,0.8054407122993894,1.1589780805977966e-05,0.002030223263366417,0.0
6.832106009824201e-05,1.0322092748538125e-05,0.005846078973263502,0.9267708659172058,0.05014461278915405,4.747795173898339e-05,0.017112333327531815,0.0
0.0013138186186552048,0.00012533681001514196,0.32418718934059143,0.09325418621301651,0.5603464245796204,0.00010022290371125564,0.020672844722867012,0.0
0.0006831570994629444,4.278517953213027e-05,0.3918409774493006,0.11901418191025473,0.4789282406654071,5.80960116942511e-05,0.009432436705239211,0.0
0.00017221981527364223,4.082170985331399e-06,0.11667573551228815,0.28940221197578764,0.5653339546520764,3.541830242980019e-05,0.02837636728568467,0.0
0.0001977562878167302,1.1174739906614839e-05,0.07266288371835752,0.4838893394338297,0.42947458380157755,5.057761393737475e-05,0.013713687430463724,0.0
0.0011155993144928592,0.00010858153676235742,0.3311522699776017,0.17871525033894184,0.4610070539721315,0.0003041261587554108,0.02759715871180996,0.0
0.0029727601162034133,1.6549467732900814e-07,0.05227740230829689,0.00021041091933604545,0.8977002027392146,2.4338198099888996e-06,0.046836594124246345,1.0
0.008052099496126175,4.896651262242813e-06,0.055209930986166,0.00013672761269845068,0.9091075658798218,2.929223910541623e-06,0.02748589962720871,1.0
0.009333095513284206,6.055367521184962e-06,0.045211609452962875,6.0973194194957614e-05,0.9258893132209778,2.517641632948653e-06,0.01949644833803177,1.0
0.00582906906854283,3.255583645372226e-06,0.0553468809608363,3.28189814339116e-05,0.9309462987248541,2.361678471470513e-06,0.007839267138926131,1.0
0.013510183431208134,1.0698079677240457e-05,0.09231975674629211,2.6235944460495375e-05,0.8768674731254578,3.5598409340309445e-06,0.01726209744811058,1.0
0.008314080100600725,5.638800639230283e-06,0.05076540191563379,1.4106154525926233e-05,0.932879861168853,1.9027188497571684e-06,0.008019058511797102,1.0
0.005074895918369293,4.054193595948163e-06,0.05658351629972458,1.4017822650203016e-05,0.9345541000366211,1.177878175440128e-06,0.0037681946996599436,1.0
0.006876528728753328,3.895691861544037e-06,0.15870727598667145,4.596280996338464e-05,0.8193898797035217,8.237421411649848e-07,0.014975644648075104,1.0
0.01910163275897503,2.2215067474462558e-06,0.03196919709444046,8.511516352882609e-05,0.7893178462982178,5.293041454024205e-07,0.15952344238758087,1.0
0.040575962513685226,1.8853415895137005e-06,0.03372473642230034,0.00012313290790189058,0.5665397644042969,2.1488148149728659e-07,0.35903432965278625,1.0
0.052140384912490845,4.943259227729868e-06,0.03600582852959633,3.481742896838114e-05,0.7328333258628845,3.480827714952284e-08,0.17898066341876984,1.0
0.09104979038238525,1.2428706213540863e-05,0.0446484200656414,6.506521458504722e-05,0.6649985313415527,1.7234135896160296e-07,0.19922558963298798,1.0
0.04011458797876978,2.1280702376948994e-06,0.02979973534646805,0.00012273658641121998,0.703361904220354,2.50489505031364e-07,0.2265986232043954,1.0
0.006352805706524169,5.294484219385926e-09,0.007348562180422284,4.9337029425529984e-05,0.7208283876385226,4.315390585583572e-10,0.2654209118579731,1.0
0.009025009348988533,1.670475491266643e-08,0.012095250189304352,6.684927211608738e-05,0.6479180455207825,7.509230570690306e-09,0.33089479804039,1.0
0.0005250386311672628,1.3468555835061125e-06,0.033888671547174454,0.52828049659729,0.41427239775657654,9.249014510714915e-06,0.02302287518978119,0.0
0.0035584224180681954,0.00013937317374617154,0.1138533943208095,0.019365553967091678,0.7793560492608576,0.00016023280704850296,0.08356696865361743,0.0
0.007374565634928269,0.00022353773483742956,0.16127253636449143,0.1156451862281339,0.6434118576750925,0.00023388472740794989,0.07183837779302862,0.0
0.0002733915718327079,9.953729836838394e-06,0.014796680869557755,0.5811458133285268,0.3166845957416778,3.514766958062378e-05,0.08705434655495328,0.0
0.0006200848516872436,2.2656885889629552e-05,0.013071107525891515,0.3209759188280057,0.6161060700479788,4.346831233191489e-05,0.04916072557334457,0.0
0.0022199207451194525,2.467680496920366e-05,0.3991701602935791,0.023135531693696976,0.5701845288276672,7.45711731724441e-05,0.005190608091652393,0.0
0.005333397071808577,0.00016196434444282204,0.4144655764102936,0.09869148582220078,0.446007639169693,0.00020171061623841524,0.03513823822140694,0.0
0.0019361731849329847,5.641674634293324e-05,0.19335339148600203,0.11266073731652053,0.6776908424269149,0.0001369102083616828,0.014165460306053125,0.0
0.0016609989454896515,1.4289002253564738e-05,0.19043683225669475,0.010642981750609666,0.7886597766089706,5.084904235910864e-05,0.008534295398378921,0.0
0.002800782909616828,5.615788268187316e-06,0.829596221446991,0.010579862631857395,0.1538865715265274,0.00017948161985259503,0.0029514196794480085,0.0
4.4300035369815305e-05,2.128153209213224e-09,0.28371819853782654,0.2859005630016327,0.022358514368534088,0.0002552516816649586,0.40772324800491333,0.0
1.4347596334118862e-05,2.0175237036568205e-09,0.021458374336361885,0.2111341953277588,0.012886730954051018,0.00020952027989551425,0.7542968392372131,0.0
1.2526760656328406e-05,2.4059532144349305e-09,0.01695144921541214,0.21033483743667603,0.017277879640460014,0.00010116853809449822,0.7553221583366394,0.0
0.00016970319848041981,3.2241484859696357e-07,0.03975449502468109,0.31801411509513855,0.14808785915374756,0.0002046021691057831,0.49376893043518066,0.0
0.0019540381617844105,6.436325202230364e-05,0.1883784979581833,0.02189745381474495,0.7459835410118103,0.0003581265336833894,0.041364070028066635,0.0
0.005414214450865984,3.251253019698197e-06,0.051697760820388794,0.0007257553515955806,0.837674081325531,4.038493443658808e-06,0.10448088496923447,1.0
0.0026417665649205446,6.669615970622544e-08,0.039235763251781464,0.0007023783982731402,0.5760373473167419,5.5177806643769145e-06,0.38137713074684143,1.0
0.00139721722449753,1.9248817132637707e-08,0.03580816408298444,0.00098520261132537,0.6040136690123475,1.1030226509543491e-06,0.35779456999366643,1.0
0.0011800974607467651,5.2882061396530844e-08,0.07199487090110779,0.003002881072461605,0.6325013041496277,6.1211380852910224e-06,0.29131463170051575,1.0
0.0005815217737108469,1.3337987603279089e-08,0.0408075749874115,0.0020057163201272488,0.6325490474700928,1.6618103018117836e-06,0.324054479598999,1.0
0.002515828236937523,4.6639758721767066e-08,0.036383043974637985,0.0006667381385341287,0.5836593508720398,2.5662104690127308e-06,0.3767724335193634,1.0
0.0025885921583230593,6.329699808541779e-08,0.03146563657913426,0.0006868210448478786,0.6300284641998091,2.246997744131699e-06,0.3352281651036838,1.0
0.005979351917880546,3.9454052811086866e-06,0.09828485121907578,0.0008682549361729698,0.7488667668262998,1.0823216672524127e-05,0.1459859733598264,1.0
0.0032776109874248505,1.5256441088240535e-07,0.03214513137936592,0.0006836696993559599,0.6713718771934509,8.058785169851035e-06,0.29251351952552795,1.0
0.002049235161393881,7.408460334090705e-08,0.037269193679094315,0.0017550574848428369,0.44853052496910095,3.1030524496600265e-06,0.5103927850723267,1.0
0.004373500533580717,9.82908428494035e-07,0.05711736594231534,0.001127596344489295,0.6871446744031102,7.343794129550784e-06,0.25022852418082664,1.0
0.0016788917965238448,5.278676969748402e-08,0.03332149634617523,0.002039556169009944,0.46733060089714534,4.735491639339998e-06,0.4956247205286885,1.0
0.0029404819367368183,9.680169065995469e-08,0.03066375475607841,0.0007587045999775588,0.649095335548838,9.074730400899654e-06,0.3165325711090905,1.0
0.00280414754524827,3.901785916582412e-08,0.023003198206424713,0.00033497021649964154,0.5523144602775574,4.0626482586958446e-06,0.4215391278266907,1.0
0.004360485356301069,2.2470752014669415e-07,0.03669096529483795,0.00043603236554190516,0.6115213632583618,6.071963071008213e-06,0.3469848930835724,1.0
0.009562359191477299,1.8839082258637063e-05,0.2990000545978546,0.01650463230907917,0.6563225984573364,0.00011536915553733706,0.018476147204637527,0.0
0.001428315881639719,1.0324743016099092e-05,0.3830661475658417,0.06276281923055649,0.5437062382698059,0.00019106971740256995,0.00883505865931511,0.0
0.0021805402628231364,1.8340601312901795e-05,0.3868095739852874,0.04265656085688601,0.5529658857543333,0.00016785311709176655,0.015201268667133887,0.0
0.003682967069167844,1.700358168027973e-05,0.45577177932598834,0.2769889203323221,0.2237261118023262,0.0012826047240072818,0.038530535128052816,0.0
0.0034288193564862013,9.949508239515126e-06,0.45432624220848083,0.2456618994474411,0.24009878933429718,0.0006614828598685563,0.055812884122133255,0.0
0.0111158462241292,7.304573227884248e-05,0.4523659348487854,0.06599901616573334,0.40852150321006775,0.0013949001440778375,0.06052974984049797,0.0
0.011299624107778072,6.712267349939793e-05,0.43855106830596924,0.033248867839574814,0.4602508246898651,0.0011632913956418633,0.05541912838816643,0.0
0.006259324960410595,1.2850540770159569e-05,0.7712944149971008,0.08750510215759277,0.09256605058908463,0.0018813280621543527,0.040480926632881165,0.0
0.004881144966930151,1.23575737234205e-05,0.6018951535224915,0.008252004161477089,0.3743513524532318,0.00045362141099758446,0.01015435066074133,0.0
0.0057413578033447266,2.0509778551058844e-05,0.7513558268547058,0.07719910144805908,0.1421716809272766,0.00237307813949883,0.021138431504368782,0.0
0.0031073289944435365,9.015394260435864e-06,0.58390157414656,0.04970386776878026,0.34404154490929306,0.00018803078942658283,0.019048604706096088,0.0
0.00503216993255436,7.800386548484432e-05,0.2312349516889424,0.11011752397522473,0.6124054558518801,0.0008851971888473444,0.04024673120657987,0.0
0.0030598456505686045,1.5922925740596838e-05,0.41146209836006165,0.01885017566382885,0.5521312355995178,0.000267596187768504,0.014213071204721928,0.0
0.0056111072190105915,1.572013206896372e-05,0.5942065715789795,0.025800885632634163,0.3239539563655853,0.0006938313599675894,0.049717944115400314,0.0
0.0068801240439786936,2.3187588812672238e-05,0.6264604107415921,0.03768138812073398,0.2771850095501548,0.000821292274689959,0.05094864150575647,0.0
0.007550129201263189,6.545192263729405e-07,0.03332336246967316,0.00041797346784733236,0.7295836806297302,1.5989473922672914e-06,0.2291225790977478,1.0
0.008901934009559869,4.848933476242193e-07,0.04376872479692402,0.0008877473989206673,0.5386186792112971,1.915352185234004e-06,0.40782050397151665,1.0
0.012449239380657673,3.112078275080421e-06,0.06995104253292084,0.00015372312918771058,0.8637209534645081,1.0970842367896694e-06,0.053720872849226,1.0
0.008856443563825658,6.547412924026042e-07,0.049702977424505065,0.0005158605021143852,0.6859059112184154,2.1636162422605517e-06,0.25501596867847814,1.0
0.00591494912012805,3.3973880206780837e-07,0.04192565136261599,0.000926717818826326,0.6094364058299548,2.68345875313235e-06,0.3417933096639287,1.0
0.005036847500464171,4.0410818790736284e-07,0.041026415886069284,0.0010064227407901134,0.7152086326604267,2.879073180049945e-06,0.23771840260734575,1.0
0.010995548873874479,4.070224592165904e-06,0.0901933813210357,0.00031075541152464814,0.8325391908013339,2.4011805247607907e-06,0.06595470404354954,1.0
0.005315451249128431,2.240004011035302e-06,0.07585953761821536,1.8810832247642425e-07,0.9178058603041339,2.3024580384228285e-07,0.0010164478979023818,1.0
0.0016416838625445962,9.063351313898238e-08,0.04322357475757599,2.1039580744286468e-08,0.9546875953674316,1.0027656927036332e-08,0.00044706190237775445,1.0
0.001096920808777213,1.2043812169793e-08,0.027181822806596756,5.3287269707880114e-08,0.9713038206100464,1.9969125020224965e-08,0.0004174006753601134,1.0
0.001234375056810677,1.995761955697617e-08,0.01846705935895443,8.695541708902965e-08,0.9798928499221802,1.251240444588575e-08,0.000405592581955716,1.0
0.0020169508643448353,3.7049563417212994e-08,0.034192152321338654,1.612096838243815e-07,0.962920606136322,3.00191622670809e-08,0.0008700559847056866,1.0
0.001718731946311891,1.21046497270072e-07,0.03420550748705864,2.8092077286601125e-07,0.9635455012321472,6.07664816243414e-08,0.0005298122996464372,1.0
0.00040026369970291853,4.433078348853314e-09,0.013035955838859081,9.979454773656471e-08,0.9863941073417664,3.2228852919757855e-09,0.00016957592742983252,1.0
0.0009620593063127332,8.907237618141654e-08,0.08308264367787316,2.0399334188112762e-07,0.9154973726871762,5.7658049233981885e-08,0.000457535647028533,1.0
0.00503547815605998,1.4428741451411042e-05,0.16222719848155975,0.007221778854727745,0.8156849145889282,2.8315918825683184e-05,0.009787915274500847,0.0
0.0013730548562025852,1.0327119847348743e-05,0.33454472834405047,0.007209165415515353,0.6536958400840568,9.199028505222544e-05,0.0030749557945824618,0.0
0.0012429823082855571,2.257316286094501e-05,0.05194233856292503,0.19545418674299875,0.7407570790341999,3.5337131856332646e-05,0.010545458318834505,0.0
0.0051887426525354385,7.308455678867176e-05,0.2882586121559143,0.0067313052713871,0.6892570853233337,0.00018122773326467723,0.010309908539056778,0.0
0.005447693634778261,7.805235509295017e-05,0.38560256361961365,0.010210408829152584,0.586139976978302,0.00023092552146408707,0.012290402315557003,0.0
0.00027076853439211845,1.7709788835418294e-06,0.2544737756252289,4.329623334342614e-05,0.7445886135101318,1.8038866755887284e-07,0.0006215991452336311,0.0
2.715115948263408e-05,3.194545382680601e-07,0.02074293108200205,5.959619357908403e-07,0.9792253350288075,8.087328993567164e-11,3.7069266780911615e-06,0.0
2.0069095626240596e-05,1.7656880402228126e-07,0.006562153343111277,4.1353760593665356e-07,0.9934160709381104,3.105679047266108e-10,1.1406036719563417e-06,0.0
0.0002585990450348136,5.147276931285834e-06,0.06258555874738447,9.138801577974391e-06,0.9370841346433242,1.2924298846548345e-08,5.7426764909469486e-05,0.0
1.2656674698519055e-05,2.802196874540641e-08,0.04661201685667038,9.083279906008102e-07,0.9533669352531433,7.155759318422383e-11,7.481302873202367e-06,0.0
9.32359034777619e-05,8.560434707760578e-07,0.02202271670103073,1.288041517000238e-06,0.9778739809989929,6.095543181316998e-09,7.909142368589528e-06,0.0
0.00011899987330475469,9.495977911086069e-07,0.4620445117897377,3.2118186745906336e-05,0.5374528721031102,6.654194978929223e-08,0.00035046161980453196,0.0
0.000630625756457448,3.2028322038968327e-06,0.24924319982528687,2.5026949515449814e-05,0.7490017414093018,3.2831829344104335e-07,0.0010958713246509433,0.0
0.0006131324335001409,1.6734201153667527e-06,0.14255613088607788,5.946832061454188e-06,0.8566473722457886,2.541852381909848e-07,0.0001754823315422982,0.0
0.000752326101064682,1.614273787708953e-05,0.07990018278360367,2.2329293187794974e-06,0.9192345142364502,1.9067468315370206e-07,9.443165617994964e-05,0.0
0.011250273324549198,2.683994125618483e-06,0.04834660887718201,2.3698864879406756e-06,0.9360920190811157,2.5731085884217464e-07,0.004305772017687559,1.0
0.010422073925857183,1.4769965189738684e-06,0.06654876122169263,1.4831910422821312e-05,0.9080641214885784,5.891807642115515e-07,0.014948153827974429,1.0
0.005587592520553766,7.529219727193878e-07,0.08036378558113746,7.788144084035937e-06,0.9069113246308178,3.372893668627586e-07,0.00712837054167741,1.0
0.006663621334798415,2.29026286442119e-06,0.09535870524398715,1.7898942290253292e-05,0.8889765673265795,5.761452032477355e-07,0.008980332477708608,1.0
0.006577817575969407,1.7874186681006355e-06,0.10587996761560055,6.104259500805257e-06,0.8805829144219058,3.565991021243076e-07,0.006951046073561439,1.0
0.0069909295508819545,5.505324098336969e-07,0.07996076822047044,9.61339867901524e-06,0.8991907178873251,4.078688634582193e-07,0.013846998928308422,1.0
0.013060644574684553,9.860657617122238e-06,0.10019348112422452,1.255014408800663e-05,0.8745715767655876,7.031320322667655e-07,0.012151142065090888,1.0
0.01176410424793388,2.6131880724805283e-06,0.16305186826299833,5.5805910649083815e-05,0.7698132854588797,1.4966517238322627e-06,0.05531086729829712,1.0
0.01307096735287102,3.056812919874043e-06,0.14896797848129528,0.00012072354745807679,0.7692266977755192,2.524675364007408e-06,0.06860802249812811,1.0
0.017359669423679676,1.5586227638285904e-06,0.0678163509259433,2.909299465194499e-05,0.8674348513743193,4.271477364396142e-07,0.04735806121576197,1.0
0.015492040663957596,3.7475635963346576e-06,0.0673355832695961,8.435155905317515e-06,0.9033102989196777,2.8614331881726685e-07,0.013849601149559021,1.0
0.007955316454172134,1.7720819869282423e-06,0.09878368675708771,2.0046027202624828e-05,0.879267156124115,4.1875398437696276e-07,0.013971658423542976,1.0
0.014997243843808404,6.200787453394519e-07,0.0561325285513716,2.0079797937750876e-05,0.8928274448411133,3.252934471387847e-07,0.03602177119384833,1.0
0.011009811042569751,1.0154562841327005e-06,0.04193004465937082,7.88593476170241e-06,0.9373255446761197,2.996689472381984e-07,0.009725386048807376,1.0
0.011194680553357634,6.237855617477275e-07,0.03161655554870102,6.4058889800583896e-06,0.9395179712485057,1.0186942386200331e-07,0.01766367734454139,1.0
2.0741158550663386e-06,5.44947287295372e-09,7.038944750092924e-05,0.9635570049285889,0.029772499576210976,2.4064812009783054e-07,0.006597787607461214,0.0
5.328755604955702e-05,3.784072871888384e-07,0.0012566650569686326,0.6470259813681829,0.32892399006628925,6.919613909743764e-06,0.02273277328805764,0.0
3.958238704568191e-06,1.1574310795589951e-08,0.000140909161501217,0.9192327953299528,0.047237990380765156,1.6449598973775357e-06,0.03338261668293277,0.0
0.00014096726954448968,2.9899496212237864e-07,0.013987905345857143,0.37855061888694763,0.36842769384384155,5.199330553296022e-05,0.23884055018424988,0.0
3.8641114344849546e-05,8.0265583856349e-08,0.00018670381926842445,0.838156988510906,0.11797316330511352,1.3908212087234085e-05,0.043630554147395736,0.0
7.41063312094707e-05,1.3121185631835053e-07,0.004188772540615352,0.6193682324509759,0.32493125348873453,1.2484710003443938e-05,0.05142512106449134,0.0
0.00021304862457327545,6.686697702207312e-07,0.007862424477934837,0.5226178169250488,0.33968570828437805,8.724383951630443e-05,0.12953311204910278,0.0
1.9714614609256387e-05,6.54933600685581e-08,0.0017942336853593588,0.6191921234130859,0.3234832286834717,9.402549039805308e-06,0.05550127103924751,0.0
7.466897500307823e-08,9.201839290540192e-11,2.6520781375438673e-06,0.9947732090950012,0.003987413365393877,6.31117629268374e-08,0.0012365401489660144,0.0
9.09422215045197e-06,4.1959570040717153e-08,0.0012027877382934093,0.8109310865402222,0.16066686809062958,4.059255388710881e-06,0.027186058461666107,0.0
4.0361147189385655e-05,4.625490808517648e-07,0.01364164321968813,0.4449525144667932,0.4878290288346427,2.4318318168048155e-05,0.05351169726322277,0.0
1.9794813852058724e-05,5.506905509378157e-08,0.0035688886418938637,0.5379583239555359,0.3228047490119934,1.575016722199507e-05,0.1356324851512909,0.0
0.0009684871760971651,3.265180534060047e-06,0.044819968630073585,0.11388020151139507,0.7354800543475183,0.00010855828360443017,0.10473951576587652,0.0
4.3214348654233214e-05,1.2903186844253698e-07,0.018430625255741195,0.31702272993461666,0.5738041146876881,4.2445690980203655e-05,0.09065677020888151,0.0
3.279478746593594e-05,1.711615840051723e-07,0.002838401758724556,0.4750028833748629,0.5049354734978362,9.268509172598912e-06,0.017181049193802426,0.0
0.0333397202193737,1.7467546058469452e-05,0.05119417980313301,6.608927651541308e-05,0.82210773229599,7.245918709486432e-07,0.09327414631843567,1.0
0.033106682932775196,3.1595829632955696e-05,0.045466805724311214,5.782068891615988e-05,0.8739411159718702,5.274523887848043e-07,0.04739546685787838,1.0
0.02778799459338188,0.00010027948883362114,0.16849011182785034,0.00020106369629502296,0.7593845725059509,5.805156888527563e-06,0.04403016343712807,1.0
0.02165781520307064,4.533048195298761e-05,0.16227774322032928,6.852150545455515e-05,0.7942497134208679,2.1598241346509894e-06,0.02169874869287014,1.0
0.021887291222810745,5.341989526641555e-05,0.1566523313522339,0.0001836480078054592,0.7806053161621094,2.9516850190702826e-06,0.04061507433652878,1.0
0.029884256422519684,5.2707579015986994e-05,0.08940363675355911,7.094698230503127e-05,0.8422600030899048,1.5272707969415933e-06,0.038326941430568695,1.0
0.014838482206373347,1.8866615606787055e-05,0.12439709898216122,3.8525131935587565e-05,0.8498276978628455,1.278481439645984e-06,0.010878062524084003,1.0
0.002539880969464067,6.635298097124366e-08,0.08333208908652198,3.2627336371178684e-05,0.902287554468208,8.958041417692216e-08,0.011807634950264103,1.0
0.01661934156648416,5.079734856563852e-07,0.033314474173125525,2.880673471350413e-05,0.8380365178628586,1.3725143548055727e-07,0.11200026267770084,1.0
0.010808962040071243,1.3280270942985522e-07,0.019755204647159023,0.0001715005141896514,0.7752644687575736,3.375054144612389e-08,0.1939997143745763,1.0
0.005666760599867141,2.0856044890771735e-07,0.012894216762138413,0.0003923626151971588,0.845767786846625,2.5435669310310934e-08,0.13527865024081767,1.0
0.012257982045412064,1.3117726211930858e-06,0.041876308619976044,3.371752245584503e-05,0.8813043236732483,4.479149851022157e-08,0.06452629715204239,1.0
0.0017511442881759575,4.484910488302461e-08,0.047753340617021356,2.1573093398559876e-07,0.9494027465225904,2.0167666073537625e-08,0.0010925034945087728,1.0
0.0018316577188670635,8.976123666570857e-08,0.02588559500873089,6.091316895329157e-10,0.97222501039505,8.368752801857227e-09,5.762159707956016e-05,1.0
0.0006916714895209068,6.949733647577655e-08,0.03253803223598196,8.011224939096633e-10,0.9667518715114517,8.193047617966902e-09,1.8368545355589038e-05,1.0
3.230240963603137e-06,4.132254005639879e-08,9.6052375738509e-05,0.8560373783111572,0.1434657722711563,7.4000801042473086e-09,0.000397612078813836,0.0
4.1243114878852793e-07,7.058149176231154e-09,0.0004760434094350785,0.876011848449707,0.12335795164108276,5.053129914500687e-09,0.00015374338545370847,0.0
5.729516487917863e-06,1.2221394740663527e-07,0.0019904850050807,0.8310525417327881,0.16605550050735474,2.041039834921321e-07,0.0008954427903518081,0.0
1.174032831841032e-06,1.8938742130103492e-08,0.00034973685978911817,0.9563024640083313,0.04313387721776962,1.3527190034778869e-08,0.0002127103361999616,0.0
2.6846641284847906e-06,4.961317697070551e-08,0.0021977798460590748,0.4025718809707094,0.5948017594100093,6.403019296729574e-08,0.0004258393272792147,0.0
4.4714695945913263e-07,3.0596731814824807e-09,6.877080159028992e-05,0.967380702495575,0.03229275718331337,2.414739519451814e-08,0.0002573121164459735,0.0
4.433621870703064e-05,3.7193399293755647e-07,0.008082704618573189,0.6449714303016663,0.3447885513305664,2.9421571525745094e-06,0.0021097343415021896,0.0
1.1439814215918886e-06,1.0821507245850626e-08,0.00045337469782680273,0.8848665952682495,0.11436433345079422,2.913203900334338e-08,0.0003145796072203666,0.0
2.5495974852246224e-08,1.0594654952007739e-10,1.0506404977193376e-06,0.9967302678066652,0.0031677421207870317,7.034866442358641e-10,0.00010093827460431455,0.0
8.540110575841597e-06,5.970818505050262e-08,0.0012027854994344116,0.6700619256422609,0.3274198380208208,9.6068407545428e-08,0.0013066544968152647,0.0
1.128106284465369e-06,9.886624561729917e-09,2.789767708545302e-05,0.9810585402180504,0.01819854199009633,3.94184371449197e-08,0.0007137662345896679,0.0
7.388294420707098e-07,9.877732409790951e-09,0.004602819215506315,0.7494145035743713,0.24582645297050476,1.3610784499462625e-08,0.0001554898772155866,0.0
5.5005780268402305e-06,1.201259038907665e-07,0.0013683660654351115,0.6977233290672302,0.3000793159008026,5.960301052709838e-08,0.0008233275730162859,0.0
1.4458260011451785e-06,3.5890799665594386e-08,0.00010869441030081362,0.9012759923934937,0.09784897416830063,3.01781497569209e-08,0.0007648711325600743,0.0
1.8911308643509983e-06,4.4336228910424325e-08,0.006961712148040533,0.3105989992618561,0.6821837425231934,4.851848700582195e-09,0.00025365594774484634,0.0
0.009055680595338345,3.0442283787124325e-06,0.04473947361111641,5.624131972581381e-06,0.9350653886795044,5.759816446015975e-08,0.011130809783935547,1.0
0.0047959162724415935,6.93334331229637e-06,0.008879181801774287,2.0582112758585313e-07,0.9856585877348677,4.172594572050625e-08,0.0006591414363401906,1.0
0.016119178384542465,1.4245941883928026e-06,0.0181240513920784,5.873359327779326e-07,0.962140679359436,7.02803859553569e-08,0.003614036599174142,1.0
0.017113834619522095,2.331365749341785e-06,0.026702843606472015,3.1281429073715117e-06,0.9411820769309998,3.287159344722568e-08,0.014995732344686985,1.0
0.021453911438584328,9.472830242884811e-06,0.025471946224570274,8.978588084573857e-06,0.9417977929115295,2.6852978862734744e-07,0.011257646605372429,1.0
0.016188981011509895,4.682005510403542e-06,0.05066888779401779,3.115252184215933e-06,0.9219732880592346,6.976380007017724e-08,0.011160979978740215,1.0
0.020220080390572548,1.1170436664542649e-05,0.03493056073784828,7.435829047608422e-06,0.9283515810966492,3.3905729424077435e-07,0.016478829085826874,1.0
0.01490679205575084,2.6698503689270843e-07,0.020141330940564757,4.145480903974683e-06,0.9400430989214064,5.696245906483824e-09,0.024904343124706373,1.0
0.00715846762407212,1.4799532491629797e-06,0.013319383650197547,1.3419932648523707e-06,0.9757270841923852,1.897402186776799e-08,0.003792170681620159,1.0
0.00779653992408752,2.3697683948786485e-06,0.0391078316633601,2.131063992839163e-06,0.9467631546713803,3.633739570446556e-08,0.006327927024091901,1.0
0.039046181830536236,3.876991517320235e-06,0.04433615769959436,5.833540746886616e-06,0.8760879561953518,8.186704069679616e-08,0.04051996263980642,1.0
0.016027783926989565,3.370057409738215e-06,0.02041696886217965,1.849536608986034e-06,0.952050035947557,4.010864051259002e-08,0.011499916695068278,1.0
0.0185633063093789,6.933966263976641e-07,0.015830723593321275,2.728904389808082e-06,0.9466019805195309,9.771588259895103e-09,0.01900060142583864,1.0
0.015886543287450875,2.52164856600073e-06,0.030215336133201584,1.98951032801315e-06,0.9449801510596094,3.487213657353033e-08,0.008913365992800475,1.0
0.015594572758351133,4.5348701721170545e-07,0.024220123468048776,3.725942628246572e-06,0.9359559974644182,9.959815788455661e-09,0.024225094868248392,1.0
